Cured Salmon with Dill-Horseradish Cream,"['\n2 cups\n kosher salt \n \n', '\n1 cup\n granulated sugar \n \n', '\n1 tablespoon\n lemon zest \n \n', '\n1 tablespoon\n lime zest \n \n', '\n1 tablespoon\n orange zest \n \n', '\n1 \n (2-lb.) skin-on salmon fillet (about 1 inch thick) \n \n', '\n \n Dill-Horseradish Cream \n \n', '\n \n Sourdough bread slices, toasted \n \n']","['1. Stir together first 5 ingredients in a medium bowl. Rub half of mixture (about 1 1/2 cups) on both sides of salmon. Place in a 13- x 9-inch baking dish, skin side down, and cover flesh of salmon with remaining salt mixture. Cover with plastic wrap, and chill 36 hours.', '2. Rinse salmon under cold water. Pat dry, and remove and discard skin. Thinly slice salmon, and serve with Dill-Horseradish Cream and toasted sourdough bread slices.']"
Spinach-and-Vidalia Dip,"['\n3 tablespoons\n (1 1/2 oz.) salted butter \n \n', '\n4 cups\n chopped Vidalia or other sweet onions (about 2 large) \n \n', '\n1 \n (5-oz.) pkg. fresh baby spinach, coarsely chopped \n \n', '\n1 teaspoon\n kosher salt, divided \n \n', '\n1/2 teaspoon\n black pepper, divided \n \n', '\n1 \n (16-oz.) container sour cream \n \n', '\n2 tablespoons\n chopped fresh chives \n \n', '\n \n Potato chips and medley of veggies like cucumbers, radishes, and bell peppers \n \n']","['1. Melt butter in a large nonstick skillet over medium; add onions, and cook, stirring often, until golden and very tender, 20 to 30 minutes. Gradually add spinach, stirring just until wilted, about 1 minute. Sprinkle with 1/2 teaspoon salt and 1/4 teaspoon pepper. Remove from heat, and let stand 30 minutes.', '2. Stir together onion-and-spinach mixture, sour cream, and chives in a medium bowl. Stir in the remaining 1/2 teaspoon salt and 1/4 teaspoon pepper. Cover and chill 30 minutes or up to 2 days. Serve with chips and veggies.']"
Deviled Potatoes,"['\n1 pound\n petite red potatoes (about 15) \n \n', '\n1 tablespoon\n olive oil \n \n', '\n1 1/2 teaspoons\n kosher salt, divided \n \n', '\n1/2 cup\n sour cream \n \n', '\n2 tablespoons\n brined capers, drained and rinsed \n \n', '\n2 teaspoons\n chopped fresh flat-leaf parsley \n \n', '\n2 teaspoons\n chopped fresh dill \n \n', '\n2 teaspoons\n whole grain mustard \n \n', '\n1 teaspoon\n lemon zest \n \n', '\n \n Garnish: chopped fresh flat-leaf parsley \n \n']","['1. Preheat oven to 350°F. Place potatoes in a small bowl, and drizzle with oil. Sprinkle with 1 teaspoon of the salt; toss to coat. Spread potatoes in a single layer on a baking sheet, and bake until tender when pierced, about 40 minutes. Remove from oven, and cool 15 minutes.', '2. Cut each potato in half crosswise. Carefully scoop out potato pulp into a medium bowl, leaving shells intact. Place shells, cut side up, on baking sheet, and bake in preheated oven until dry, about 10 more minutes. Cool completely, about 30 minutes.', '3. Stir together potato pulp, sour cream, capers, parsley, dill, mustard, zest, and remaining 1/2 teaspoon salt. Spoon mixture generously into each potato shell.']"
Crawfish Dip,"['\n2 tablespoons\n salted butter \n \n', '\n1/2 cup\n diced green bell pepper \n \n', '\n1 \n small yellow onion, diced (about 1 cup) \n \n', '\n1/2 cup\n diced celery \n \n', '\n3 \n garlic cloves, chopped \n \n', '\n1 \n jalapeno chile, diced \n \n', '\n1 teaspoon\n kosher salt \n \n', '\n1/2 teaspoon\n black pepper \n \n', '\n2 teaspoons\n paprika \n \n', '\n1/2 teaspoon\n cayenne pepper \n \n', '\n1 pound\n frozen peeled crawfish tails, thawed according to package directions \n \n', '\n8 ounces\n cream cheese, softened \n \n', '\n2 cups\n grated extra-sharp Cheddar cheese (about 8 oz.) \n \n', '\n1/4 cup\n heavy whipping cream \n \n', '\n2 tablespoons\n Creole mustard \n \n', '\n1 tablespoon\n Worcestershire sauce \n \n', '\n2 teaspoons\n hot sauce \n \n', '\n2 tablespoons\n fresh lemon juice \n \n', '\n2 tablespoons\n chopped fresh flat-leaf parsley \n \n', '\n \n Crackers, toasted baguette slices \n \n']","['1. Melt butter in a large sauté pan or skillet over medium. Add bell pepper, onion, celery, garlic, jalapeño, salt, and black pepper, and cook 6 minutes. Add paprika and cayenne pepper, and cook 1 more minute.', '2. Place crawfish, cream cheese, Cheddar cheese, and cream in a 6-quart slow cooker. Stir in bell pepper mixture, Creole mustard, Worcestershire sauce, and hot sauce. Cover and cook on HIGH 45 minutes. Reduce heat to WARM. Stir in lemon juice and parsley; serve with crackers or toasted baguette slices.']"
Tex-Mex Deviled Eggs,"['\n6 \n hard-cooked eggs, peeled \n \n', '\n1 tablespoon\n diced green onions \n \n', '\n1 tablespoon\n chopped fresh cilantro \n \n', '\n1 \n small serrano or jalapeño pepper, seeded and finely chopped \n \n', '\n1/4 cup\n mayonnaise \n \n', '\n1 teaspoon\n yellow mustard \n \n', '\n1/2 teaspoon\n table salt \n \n', '\n1/4 cup\n (1 ounce) shredded Cheddar cheese \n \n', '\n \n Chili powder \n \n']","['Cut eggs in half crosswise; carefully remove yolks, and place in a small bowl.', 'Mash egg yolks;\xa0stir in green onions and next 5 ingredients.', 'Spoon yolk mixture into egg white halves; sprinkle with Cheddar cheese and desired amount of chili powder. Serve immediately, or cover and chill until ready to serve.']"
Cheese Snappy Wafers,"['\n1 cup\n butter, cubed \n \n', '\n2 cups\n all-purpose flour \n \n', '\n8 ounces\n sharp Cheddar cheese, grated \n \n', '\n1/2 teaspoon\n ground red pepper \n \n', '\n1/2 teaspoon\n table salt \n \n', '\n2 cups\n crisp rice cereal (such as Rice Krispies) \n \n']","['Preheat oven to 350°. Cut butter into flour until mixture resembles coarse meal. Stir in cheese, red pepper, and salt. Fold in cereal. Shape into 1-inch balls, and place 2 inches apart on ungreased baking sheets. Flatten each dough ball. Bake, in batches, 15 minutes. (Refrigerate remaining baking sheet while first batch is baking.)']"
Party-Perfect Meatballs,"['\n1 cup\n pitted kalamata olives \n \n', '\n1/2 \n small red onion, coarsely chopped \n \n', '\n3/4 cup\n coarsely chopped fresh mint leaves \n \n', '\n1/2 cup\n coarsely chopped fresh parsley \n \n', '\n2 teaspoons\n lemon zest \n \n', '\n3/4 cup\n panko (Japanese breadcrumbs) \n \n', '\n1/2 cup\n ricotta cheese \n \n', '\n2 \n large eggs \n \n', '\n1 1/2 teaspoons\n kosher salt \n \n', '\n1/2 teaspoon\n freshly ground black pepper \n \n', '\n1 pound\n ground beef \n \n', '\n1 pound\n mild Italian sausage, casings removed \n \n', '\n1 \n (6-oz.) can tomato paste \n \n', '\n3 cups\n beef broth \n \n', '\n1/3 cup\n hot pepper jelly \n \n']","['1. Preheat oven to 450°. Pulse first 5 ingredients in a food processor 8 to 10 times or until chopped. Stir together panko, next 6 ingredients, and olive mixture in a large bowl until well combined. Shape mixture into 1-inch balls, and place 1 inch apart on aluminum foil-lined jelly-roll pans.', '2. Bake at 450° for 12 minutes. Cool 5 minutes.', '3. Meanwhile, heat a large saucepan over medium heat 2 minutes. Add tomato paste to dry pan, and cook, stirring occasionally, 3 minutes or until paste begins to brown and coat bottom of pan. Increase heat to high, and add beef broth, stirring to loosen bits of tomato paste from bottom of pan. Whisk until smooth. Whisk in hot pepper jelly until combined. Reduce heat to low. Add cooked meatballs, and serve warm.', 'Note: Sauce may be refrigerated in an airtight container up to 3 days.']"
Smoked Trout Crostini with Radishes and Dill Cream,"['\n8 \n thick, firm white bread slices, crusts removed \n \n', '\n1 tablespoon\n olive oil \n \n', '\n1/4 teaspoon\n ground black pepper \n \n', '\n1/2 teaspoon\n kosher salt, divided \n \n', '\n1 \n (8-oz.) container sour cream \n \n', '\n1/2 teaspoon\n fresh lemon juice \n \n', '\n1 teaspoon\n prepared horseradish \n \n', '\n1 tablespoon\n chopped fresh dillweed \n \n', '\n1 1/4 cups\n thinly sliced radishes \n \n', '\n1 \n (8-oz.) smoked trout fillet, flaked into 1/2-inch pieces \n \n', '\n \n Garnish: fresh dillweed \n \n']","['1. Preheat oven to 350°. Cut each bread slice into 4 triangles. Brush with olive oil, and sprinkle with pepper and 1/4 tsp. salt. Place in a single layer on a baking sheet; bake 15 to 20 minutes or until golden.', '2. Stir together sour cream, next 3 ingredients, and remaining 1/4 tsp. salt. Spoon about 1 1/2 tsp. sour cream mixture onto each bread triangle. Top with radish slices and trout.']"
Lump Crab Mornay,"['\n1/2 cup\n butter, softened \n \n', '\n1 \n bunch green onions, chopped \n \n', '\n2 tablespoons\n all-purpose flour \n \n', '\n2 cups\n heavy cream \n \n', '\n1 cup\n freshly grated Gruyère or Swiss cheese \n \n', '\n2 tablespoons\n dry sherry \n \n', '\n1/4 teaspoon\n kosher salt \n \n', '\n1/4 teaspoon\n ground red pepper \n \n', '\n1 pound\n fresh jumbo lump crabmeat \n \n', '\n1/2 cup\n chopped fresh flat-leaf parsley \n \n', '\n \n Store-bought or homemade toast points \n \n']","['Melt butter in a heavy saucepan over medium-high heat; add onions, and sauté 3 minutes or until tender. Whisk in flour, and cook, whisking constantly, 2 minutes. Add cream, and cook, whisking constantly, until smooth and sauce begins to bubble. Remove from heat, and stir in cheese until smooth. Stir in sherry, salt, and pepper. Gently fold in crabmeat and parsley. Keep warm in a chafing dish or slow cooker set on WARM or LOW. Serve with toast points.']"
Cocktail Meatballs,"['\n1 1/2 pounds\n ground chuck \n \n', '\n1/4 cup\n seasoned breadcrumbs \n \n', '\n2 teaspoons\n prepared horseradish \n \n', '\n2 \n garlic cloves, crushed \n \n', '\n3/4 cup\n tomato juice \n \n', '\n2 teaspoons\n kosher salt \n \n', '\n1/4 teaspoon\n freshly ground black pepper \n \n', '\n2 \n medium-size yellow onions, chopped (about 1 1/2 cups), divided \n \n', '\n \n Vegetable cooking spray \n \n', '\n2 tablespoons\n butter \n \n', '\n2 tablespoons\n all-purpose flour \n \n', '\n1 1/2 cups\n beef broth \n \n', '\n1/2 cup\n dry red wine \n \n', '\n2 tablespoons\n light brown sugar \n \n', '\n2 tablespoons\n ketchup \n \n', '\n1 tablespoon\n fresh lemon juice \n \n', '\n3 \n gingersnaps, crumbled (about 3 Tbsp.) \n \n']","['1. Preheat oven to 450°. Gently stir together ground chuck, next 6 ingredients, and 3/4 cup chopped onions. Shape into 1-inch balls; place in a lightly greased (with cooking spray) 9- x 13-inch baking dish. Bake 20 minutes. Remove from oven, and drain off excess fat.', '2. Heat butter in a large skillet over medium heat; add remaining onions, and sauté 4 to 6 minutes or until tender. Whisk in flour; cook, whisking constantly, 1 minute. Gradually whisk in beef broth, and cook, whisking constantly, until smooth. Stir in wine and next 4 ingredients. Reduce heat to low, and cook, stirring often, 15 minutes. Add meatballs, and simmer, stirring occasionally, 5 minutes.']"
Blue Cheese-Red Currant Cheese Ball,"['\n1 \n (8-oz.) package cream cheese, softened \n \n', '\n2 tablespoons\n butter, softened \n \n', '\n1 teaspoon\n lemon zest \n \n', '\n2 teaspoons\n fresh lemon juice \n \n', '\n1/4 teaspoon\n Worcestershire sauce \n \n', '\n \n Dash of hot sauce (such as Tabasco) \n \n', '\n1/4 teaspoon\n kosher salt \n \n', '\n4 ounces\n crumbled blue cheese \n \n', '\n2 tablespoons\n red currant jam or jelly \n \n', '\n1 cup\n dried currants, coarsely chopped \n \n', '\n \n Thin gingersnaps \n \n']","['1. Beat cream cheese and next 6 ingredients at medium speed with a heavy-duty electric stand mixer 2 to 3 minutes or until well combined.', '2. Stir together blue cheese, jam, and cream cheese mixture until combined. Chill 5 minutes. Shape into a ball, and roll in chopped currants to coat. Serve with gingersnaps.']"
Roasted Fennel-and-Prosciutto Flatbread,"['\n1 pound\n bakery pizza dough \n \n', '\n2 \n fennel bulbs \n \n', '\n2 1/2 tablespoons\n olive oil, divided \n \n', '\n1 teaspoon\n finely chopped fresh thyme \n \n', '\n1 teaspoon\n finely chopped fresh oregano \n \n', '\n2 ounces\n thinly sliced prosciutto \n \n', '\n \n Vegetable cooking spray \n \n', '\n1 1/2 cups\n (6 oz.) shredded fontina cheese \n \n', '\n1/4 teaspoon\n dried crushed red pepper \n \n', '\n1 teaspoon\n coarse sea salt \n \n', '\n1 tablespoon\n bottled balsamic glaze \n \n']","['1. Preheat oven to 425°. Remove pizza dough from refrigerator, and let stand 30 minutes or until ready to use.', '2. Meanwhile, trim and discard root end of fennel bulbs. Trim stalks from bulbs, and chop fronds to equal 2 tsp. Thinly slice fennel bulbs lengthwise, and place on an aluminum foil-lined baking sheet. Drizzle with 2 Tbsp. olive oil. Sprinkle with thyme and oregano. Bake at 425° for 35 minutes or until edges are golden brown.', '3. Cook prosciutto in a large nonstick skillet over medium-high heat 1 to 2 minutes on each side or until browned and crisp. Break prosciutto into large pieces.', '4. Turn dough out on a lightly floured surface, and roll into a 17- x 13-inch rectangle (about 1/4 inch thick). Place dough rectangle on a lightly greased (with cooking spray) baking sheet. Brush dough with remaining 1 1/2 tsp. olive oil. Bake at 425° for 15 to 20 minutes or until golden brown. Remove crust from oven, and increase oven temperature to broil.', '5. Top crust with fontina cheese, fennel slices, and prosciutto. Broil 1 minute. Sprinkle with dried crushed red pepper, reserved 2 tsp. chopped fennel fronds, and coarse sea salt. Drizzle with balsamic glaze.']"
Feta-Olive-Fresh Herb Cheese Ball,"['\n1 \n (8-oz.) package cream cheese, softened \n \n', '\n2 tablespoons\n butter, softened \n \n', '\n1 teaspoon\n lemon zest \n \n', '\n2 teaspoons\n fresh lemon juice \n \n', '\n1/4 teaspoon\n Worcestershire sauce \n \n', '\n \n Dash of hot sauce (such as Tabasco) \n \n', '\n1/4 teaspoon\n kosher salt \n \n', '\n4 ounces\n feta cheese, crumbled \n \n', '\n1/4 cup\n green olives, pitted and finely chopped \n \n', '\n1/4 cup\n finely chopped fresh flat-leaf parsley \n \n', '\n2 tablespoons\n green onions, finely chopped \n \n', '\n \n Cucumber slices \n \n']","['1. Beat cream cheese and next 6 ingredients at medium speed with a heavy-duty electric stand mixer 2 to 3 minutes or until well combined.', '4. Stir together crumbled feta cheese, chopped green olives, and cream cheese mixture until combined. Chill 5 minutes. Meanwhile, stir together chopped parsley and green onions. Shape into a ball, and roll in parsley mixture to coat. Serve with cucumber slices.']"
Grapefruit-Beet-Goat Cheese Flatbread,"['\n1 1/2 pounds\n golden beets \n \n', '\n1 pound\n bakery pizza dough \n \n', '\n \n Vegetable cooking spray \n \n', '\n1/2 tablespoon\n olive oil \n \n', '\n1/4 teaspoon\n kosher salt \n \n', '\n1/4 teaspoon\n freshly ground black pepper \n \n', '\n6 ounces\n goat cheese, crumbled \n \n', '\n2 \n small grapefruit, peeled and sectioned \n \n', '\n2 tablespoons\n fresh mint leaves, thinly sliced \n \n', '\n1/4 cup\n toasted pine nuts \n \n', '\n2 tablespoons\n honey \n \n', '\n1/4 teaspoon\n coarse sea salt \n \n']","['1. Preheat oven to 350°. Trim beet stems to 1 inch; gently wash beets, and place in a 13- x 9-inch baking dish. Add 1/3 cup water, and cover with aluminum foil.', '2. Bake at 350° for 1 hour or until tender. Uncover and cool completely (about 30 minutes).', '3. Meanwhile, remove pizza dough from refrigerator, and let stand 30 minutes.', '4. Increase oven temperature to 425°. Turn dough out on a lightly floured surface, and roll into a 17- x 13-inch rectangle (about 1/4 inch thick). Place dough rectangle on a lightly greased (with cooking spray) baking sheet.', '5. Brush dough with olive oil; sprinkle with salt and pepper. Bake at 425° for 15 to 20 minutes or until golden brown.', '6. Cut cooled beets into thin slices. Top crust with beet slices, goat cheese, grapefruit segments, sliced mint, and toasted pine nuts, leaving a 1/2-inch border. Drizzle flatbread with honey, and sprinkle with sea salt.']"
Tiny Tomato Tarts,"['\n1/2 \n (14.1-oz.) package refrigerated piecrusts \n \n', '\n1 \n (14.5-oz.) can petite diced tomatoes \n \n', '\n1 tablespoon\n chopped fresh basil \n \n', '\n2/3 cup\n mayonnaise \n \n', '\n1/2 cup\n grated Parmesan cheese \n \n', '\n1/4 cup\n (1 oz.) freshly shredded Cheddar cheese \n \n', '\n1/4 cup\n (1 oz.) freshly shredded mozzarella cheese \n \n', '\n \n Garnish: fresh basil leaves \n \n']","['1. Preheat oven to 425°. Unroll piecrust on a lightly floured surface; roll into a 12-inch circle. Cut into 24 rounds using a 2-inch scalloped-edge round cutter. Press rounds into bottoms of ungreased miniature muffin cups. (Dough will come slightly up sides, forming a cup.) Prick bottom of dough once with a fork.', '2. Bake at 425° for 4 to 5 minutes or until set. Cool in pans on a wire rack 15 minutes. Reduce oven temperature to 350°.', '3. Meanwhile, drain tomatoes well, pressing between paper towels. Combine tomatoes and chopped basil in a small bowl; season with desired amount of salt and pepper. Stir together mayonnaise and next 3 ingredients in a medium bowl. Divide tomato mixture among pastry shells, and top with mayonnaise mixture.', '4. Bake at 350° for 18 to 20 minutes. Serve immediately. Garnish, if desired.', 'Note: To make ahead, bake and cool pastry shells as directed in Steps 1 and 2. Remove from muffin pans, and store in an airtight container up to 3 days. Return pastry shells to muffin pans, and fill and bake as directed.']"
Inside-Out Hot Brown Bites,"['\n \n Vegetable cooking spray \n \n', '\n1 1/2 \n (5-oz.) containers finely shredded Parmesan cheese \n \n', '\n1 2/3 cups\n milk \n \n', '\n1/4 cup\n butter \n \n', '\n3 tablespoons\n all-purpose flour \n \n', '\n1/2 cup\n (2 oz.) shredded medium Cheddar cheese \n \n', '\n1/8 teaspoon\n kosher salt \n \n', '\n1/8 teaspoon\n freshly ground black pepper \n \n', '\n4 ounces\n thinly sliced deli turkey, cut into 2-inch squares \n \n', '\n4 \n cooked bacon slices, crumbled \n \n', '\n1/2 cup\n diced fresh tomato \n \n', '\n \n Garnish: fresh flat-leaf parsley leaves \n \n']","['1. Preheat oven to 350°. Line 2 baking sheets with aluminum foil, and lightly coat with cooking spray. Spoon Parmesan cheese by tablespoonfuls 1/2 inch apart onto prepared baking sheets, forming 12 (2 1/2-inch) rounds on each sheet.', '2. Bake 1 sheet at 350° for 7 to 9 minutes or until edges are lightly browned and beginning to set. Working quickly, transfer cheese rounds to a lightly greased (with cooking spray) 24-cup miniature muffin pan, pressing gently into each cup to form shells. Repeat procedure with second baking sheet.', '3. Microwave milk in a microwave-safe measuring cup 30 seconds at HIGH or until warm. Melt butter in a small saucepan over medium-high heat. Whisk in flour; cook, whisking constantly, 1 minute. Gradually whisk in warm milk. Bring to a boil, and boil, whisking constantly, 1 to 2 minutes or until thickened. Whisk in shredded Cheddar cheese, kosher salt, and black pepper.', '4. Increase oven temperature to 425°. Line each Parmesan shell with 2 turkey pieces, and fill each with 1 tsp. cheese sauce. Bake 5 minutes. Remove from pan to wire rack, and top with crumbled bacon and diced tomato.']"
Creamy Shrimp Dip with Crispy Wonton Chips,"['\n1 pound\n large cooked, peeled, and deveined shrimp, chopped \n \n', '\n2 \n green onions, finely chopped \n \n', '\n1 \n shallot, finely chopped \n \n', '\n1/2 cup\n mayonaise \n \n', '\n1/2 cup\n sour cream \n \n', '\n2 tablespoons\n fresh tarragon leaves, finely chopped \n \n', '\n2 teaspoons\n rice vinegar \n \n', '\n1/2 teaspoon\n kosher salt \n \n', '\n1/4 teaspoon\n freshly ground black pepper \n \n', '\n \n Crispy Wonton Chips \n \n', '\n \n Garnish: fresh chives \n \n']",['Stir together first 9 ingredients in a medium bowl until well blended. Cover and chill 30 minutes to 1 day. Serve with Crispy Wonton Chips.']
Chicken Liver Mousse Crostini with Pepper Jelly,"['\n1/2 cup\n butter, divided \n \n', '\n1 cup\n finely chopped yellow onion \n \n', '\n1 \n garlic clove, minced \n \n', '\n1/2 cup\n heavy cream \n \n', '\n1 pound\n chicken livers \n \n', '\n1/2 teaspoon\n kosher salt \n \n', '\n1/4 teaspoon\n freshly ground black pepper \n \n', '\n2/3 cup\n red pepper jelly \n \n', '\n1 \n (8- to 9-oz.) French bread baguette, sliced and toasted \n \n']","['1. Preheat oven to 300°. Melt 2 Tbsp. butter in a small saucepan over medium heat. Stir in chopped onion. Cover and cook, stirring occasionally, 6 to 7 minutes or until tender. Add minced garlic, and sauté 10 seconds. Stir in cream, and bring to a simmer. Cover, reduce heat to low, and cook 6 minutes.', '2. Add remaining 6 Tbsp. butter, and cook, stirring constantly, about 1 minute or until butter is melted and well blended. Remove from heat.', '3. Process chicken livers, kosher salt, black pepper, and onion mixture in a blender or food processor 30 to 45 seconds or until smooth, stopping to scrape sides as needed.', '4. Place 7 (8-oz.) wide-mouth, ovenproof jars with tight-fitting lids in a 13- x 9-inch baking dish. Divide liver mixture among jars, filling each halfway. Add warm water to baking dish to a depth of 1 1/4 inches. Cover jars and baking dish tightly with heavy duty aluminum foil.', '5. Bake at 300° for 30 minutes or until mousse is set. Remove from oven, transfer jars to a wire rack, and cool completely (about 30 minutes). Screw on lids, and chill 1 hour.', '6. Just before serving, spoon 1 1/2 Tbsp. red pepper jelly into each jar, and serve with toasted baguette slices.']"
Mushroom Puffs,"['\n1 \n (8-oz.) package cream cheese, softened* \n \n', '\n1 \n (8-oz.) can mushroom pieces and stems, drained and chopped \n \n', '\n1/4 cup\n finely chopped onion \n \n', '\n1/4 cup\n grated Parmesan cheese \n \n', '\n1 tablespoon\n finely chopped green onion \n \n', '\n1/4 teaspoon\n hot sauce \n \n', '\n1 \n large egg \n \n', '\n1 \n (17.3-oz.) package frozen puff pastry sheets, thawed \n \n', '\n \n Parchment paper \n \n', '\n2 teaspoons\n freshly ground pepper \n \n']","['1. Beat cream cheese at medium speed with a heavy-duty electric stand mixer until smooth. Stir in mushrooms and next 4 ingredients. Cover and chill 1 to 24 hours.', '2. Preheat oven to 400°. Whisk together egg and 1 Tbsp. water in a small bowl. Roll 1 puff pastry sheet into a 16- x 10-inch rectangle on a lightly floured surface. Cut pastry in half lengthwise. Spread 1/2 cup cream cheese mixture down center of each rectangle; brush edges with egg mixture. Fold each pastry half lengthwise over filling, and pinch edges to seal. Cut pastries into 10 pieces each, and place on a parchment paper-lined baking sheet. Repeat procedure with remaining puff pastry sheet, egg mixture, and cream cheese mixture.', '3. Brush remaining egg mixture over tops of pastry pieces; sprinkle with pepper.', '4. Bake at 400° for 20 to 25 minutes or until browned. Serve immediately.', '*2 (5.2-oz.) packages buttery garlic-and-herb spreadable cheese may be substituted.', 'Note: To make ahead, prepare recipe as directed through Step 3. Freeze pieces on baking sheet until firm (about 1 hour), and transfer to zip-top plastic freezer bags. Freeze up to 1 month. To bake, place frozen puffs on parchment paper-lined baking sheets, and proceed as directed in Step 4.']"
Warm Turnip Green Dip,"['\n5 \n bacon slices, chopped \n \n', '\n1/2 \n medium-size sweet onion, chopped \n \n', '\n2 \n garlic cloves, chopped \n \n', '\n1/4 cup\n dry white wine \n \n', '\n1 \n (16-oz.) package frozen chopped turnip greens, thawed \n \n', '\n12 ounces\n cream cheese, cut into pieces \n \n', '\n1 \n (8-oz.) container sour cream \n \n', '\n1/2 teaspoon\n dried crushed red pepper \n \n', '\n1/4 teaspoon\n salt \n \n', '\n3/4 cup\n freshly grated Parmesan cheese \n \n', '\n \n Garnish: dried crushed red pepper \n \n', '\n \n Assorted crackers, flatbread, and gourmet wafers \n \n']","['1. Preheat oven to broil. Cook bacon in a Dutch oven over medium-high heat 5 to 6 minutes or until crisp; remove bacon, and drain on paper towels, reserving 1 Tbsp. drippings in Dutch oven.', '2. Sauté onion and garlic in hot drippings 3 to 4 minutes. Add wine, and cook 1 to 2 minutes, stirring to loosen particles from bottom of Dutch oven. Stir in turnip greens, next 4 ingredients, and 1/2 cup Parmesan cheese. Cook, stirring often, 6 to 8 minutes or until cream cheese is melted and mixture is thoroughly heated. Transfer to a lightly greased 1 1/2-qt. baking dish. (Make certain that you use a broiler-safe baking dish.) Sprinkle with remaining 1/4 cup Parmesan cheese.', '3. Broil 6 inches from heat 4 to 5 minutes or until cheese is lightly browned. Sprinkle with bacon. Garnish, if desired. Serve with assorted crackers, flatbread, and wafers.', 'Note: To make ahead, prepare recipe as directed through Step 2. Cover and chill 8 hours. Bake, covered with aluminum foil, at 350° for 30 minutes. Uncover and bake 30 minutes. Sprinkle with bacon. Serve with assorted crackers and chips.', 'Warm Spinach-Artichoke Dip: Substitute 2 (10-oz.) packages frozen spinach, thawed and drained, and 1 (14-oz.) can quartered artichoke hearts, drained and coarsely chopped, for turnip greens. Proceed with recipe as directed.']"
Petite Sweet Potato Biscuits with Pulled Pork and Slaw,"['\n1 cup\n finely chopped red cabbage \n \n', '\n1/2 cup\n shredded carrots, chopped \n \n', '\n1 teaspoon\n kosher salt \n \n', '\n1 tablespoon\n mayonnaise \n \n', '\n1 tablespoon\n red wine vinegar \n \n', '\n1/3 cup\n barbecue sauce, divided \n \n', '\n1/4 cup\n sliced green onions \n \n', '\n \n Kosher salt and freshly ground black pepper \n \n', '\n12 \n Sweet Potato Biscuits \n \n', '\n2 tablespoons\n butter, melted \n \n', '\n1/2 pound\n warm barbecue pork (without sauce), chopped \n \n', '\n1 tablespoon\n chopped fresh chives \n \n']","['1. Toss together first 3 ingredients in a small bowl. Let stand 30 minutes. Rinse and drain well. Whisk together mayonnaise, vinegar, and 1 Tbsp. barbecue sauce in a medium bowl. Stir in cabbage mixture and green onions. Add salt and pepper to taste.', '2. Preheat oven to 450°. Split biscuits, and brush with butter. Place in a single layer on a baking sheet. Bake 5 minutes or until golden.', '3. Top biscuit halves evenly with pork, remaining barbecue sauce, cabbage mixture, and chives.']"
Southern-Style Smørrebrød,"['\n \n Pumpernickel, rye, or sourdough bread slices \n \n', '\n \n Melted butter or olive oil \n \n', '\n \n Spreads: \n \n', '\n \n The New Egg Salad \n \n', '\n \n Sour Cream-Herb Sauce \n \n', '\n \n Garlic-and-herb cheeses \n \n', '\n \n Flavored butters \n \n', '\n \n Rémoulade \n \n', '\n \n Country-style mustards \n \n', '\n \n Toppings: \n \n', '\n \n Thinly sliced meats and cheeses \n \n', '\n \n Bacon \n \n', '\n \n Pickled shrimp \n \n', '\n \n Smoked trout \n \n', '\n \n Hard-cooked eggs \n \n', '\n \n Crabmeat \n \n', '\n \n Condiments: \n \n', '\n \n Bacon marmalade and tomato chutney \n \n', '\n \n Pickled squash and onion \n \n', '\n \n Julienned peppers \n \n', '\n \n Thinly sliced cucumbers and radishes \n \n', '\n \n Watercress \n \n', '\n \n Fresh herbs \n \n', '\n \n Sprouts and microgreens \n \n', '\n \n Grape tomatoes \n \n', '\n \n Fresh seasonal fruit, sliced into slivers \n \n']","['Opt for a rustic pumpernickel, rye, or sourdough--the bread lays the foundation and needs to be sturdy enough to support high-rise toppings. Trim the crusts and go bite-size, or indulge in full-on knife-and-fork dinner fare. Brush bread slices with melted butter or olive oil, and bake at 400° for 8 to 10 minutes or until crisp.', 'Set out a few versatile spreads that guests can mix and match with different toppings; The New Egg Salad and Sour Cream-Herb Sauce are two of our favorites. Other great options include garlic-and-herb cheeses, flavored butters, rémoulade, and country-style mustards.', 'Toppings can be minimal or lavish--anything goes as long as it looks great and the flavors play well together: thinly sliced meats and cheeses, bacon, pickled shrimp, smoked trout, hard-cooked eggs, crabmeat. Also consider condiments such as bacon marmalade and tomato chutney.', 'Think color and crunch. Pickled squash and onions, julienned peppers, thinly sliced cucumbers and radishes, peppery watercress, fresh herbs, sprouts and microgreens, grape tomatoes, and slivers of fresh seasonal fruit.']"
Cheddar-Horseradish-Walnut Cheese Ball,"['\n1 \n (8-oz.) package cream cheese, softened \n \n', '\n2 tablespoons\n butter, softened \n \n', '\n1 teaspoon\n lemon zest \n \n', '\n2 teaspoons\n fresh lemon juice \n \n', '\n1/4 teaspoon\n Worcestershire sauce \n \n', '\n \n Dash of hot sauce (such as Tabasco) \n \n', '\n1/4 teaspoon\n kosher salt \n \n', '\n4 ounces\n sharp Cheddar cheese, finely shredded \n \n', '\n2 tablespoons\n prepared horseradish \n \n', '\n1/2 cup\n finely chopped toasted walnuts \n \n', '\n \n Water crackers \n \n']","['1. Beat cream cheese and next 6 ingredients at medium speed with a heavy-duty electric stand mixer 2 to 3 minutes or until well combined.', '2. Stir together Cheddar cheese, horseradish, and cream cheese mixture until combined. Chill 5 minutes. Shape into a ball, and roll in walnuts to coat. Serve with water crackers.']"
Blue Cheese Crostini with Balsamic-Roasted Grapes,"['\n2 cups\n halved seedless red grapes \n \n', '\n2 tablespoons\n balsamic vinegar \n \n', '\n1 1/2 tablespoons\n minced shallot \n \n', '\n2 teaspoons\n olive oil \n \n', '\n1/2 teaspoon\n light brown sugar \n \n', '\n1/4 teaspoon\n kosher salt \n \n', '\n1 \n (12-oz.) French bread baguette, cut into 15 to 20 (1/2-inch-thick) slices \n \n', '\n3 tablespoons\n butter, softened \n \n', '\n2 ounces\n crumbled blue cheese, softened \n \n', '\n1/3 cup\n chopped toasted pecans \n \n', '\n \n Garnish: chopped fresh thyme \n \n']","['1. Preheat oven to 425°. Toss together first 6 ingredients. Arrange grapes in a single layer in a small roasting pan; bake 15 to 20 minutes or until grapes wilt and liquid forms a thin syrup. Remove from oven.2. Increase oven temperature to broil with oven rack 7 inches from heat. Arrange bread slices in a single layer on a baking sheet. Stir together butter and cheese, and spread evenly over bread slices. Broil 2 to 3 minutes or until browned and bubbly. Spoon grape mixture over toasted bread, and sprinkle with pecans.']"
Slow-Cooker Beef Nachos,"['\n1 \n (3-lb.) boneless beef rump roast \n \n', '\n \n Salt and pepper to taste \n \n', '\n1 tablespoon\n vegetable oil \n \n', '\n1 \n (12-oz.) jar mild banana pepper rings \n \n', '\n1 \n (15-oz.) can beef broth \n \n', '\n3 \n garlic cloves, minced \n \n', '\n \n Tortilla chips \n \n', '\n1 \n (15-oz.) can black beans, rinsed \n \n', '\n \n Tomatoes, chopped \n \n', '\n \n Onion, finely chopped \n \n', '\n \n Shredded Monterey Jack cheese \n \n', '\n \n Cilantro, avocado, and sour cream \n \n']","['Season roast with salt and pepper. Brown all sides of roast in hot oil in a large skillet over high heat. Place in a 6-qt. slow cooker. Add banana pepper rings, beef broth, and garlic. Cover and cook on LOW 8 hours or until meat shreds easily. Transfer to a cutting board, reserving liquid in slow cooker. Shred roast; return to slow cooker. Keep warm on LOW. Preheat oven to 350°. Place tortilla chips on a baking sheet; top with shredded beef, black beans, tomatoes, onion, and cheese. Bake 10 minutes. Serve with cilantro, avocado, and sour cream.']"
Buttermilk-Ricotta Cheese Dip,"['\n3 cups\n whole milk (preferably organic) \n \n', '\n1 1/2 cups\n whole buttermilk (preferably organic) \n \n', '\n1 cup\n heavy cream (preferably organic) \n \n', '\n1/4 teaspoon\n kosher salt \n \n', '\n \n Cheesecloth \n \n', '\n \n Extra virgin olive oil \n \n', '\n \n Sea salt and dried crushed red pepper \n \n', '\n \n Assorted crackers \n \n']","['1. Bring first 4 ingredients to a simmer, without stirring, in a heavy nonaluminum Dutch oven (about 9 1/2 inches in diameter) over medium heat; cook, without stirring, 20 to 25 minutes or just until bubbles appear and temperature reaches 175° to 180°. (Do not boil.)', '2. Stir gently, and return to a simmer. Cook, without stirring, 5 to 6 minutes or until temperature reaches 190°. (Do not boil or stir. Mixture will look curdled.) Remove from heat, and let stand 30 minutes.', '3. Line a fine wire-mesh strainer with 3 layers of cheesecloth, and place over a bowl. Spoon mixture into strainer. Cover with cheesecloth; chill 12 to 24 hours. Remove cheese, discarding strained liquid.', '4. Spoon cheese into a serving bowl; drizzle with olive oil, and sprinkle with salt and crushed red pepper. Serve with crackers. Refrigerate dip in an airtight container up to 2 days.']"
Buttery Toasted Pecans,"['\n1/4 cup\n butter, melted \n \n', '\n4 cups\n pecan halves \n \n', '\n1 tablespoon\n kosher salt \n \n', '\n1/2 teaspoon\n ground red pepper \n \n']","['Preheat oven to 325°. Toss together butter and pecans. Spread pecans in a single layer in a jelly-roll pan; bake 25 minutes or until toasted and fragrant, stirring halfway through. Remove from oven, and sprinkle with salt and pepper, tossing to coat. Cool completely. Store up to 1 week.']"
Spiced Butternut-Pumpkin Soup,"['\n2 tablespoons\n butter \n \n', '\n1 \n large sweet onion, diced \n \n', '\n1 \n large red bell pepper, chopped \n \n', '\n3 \n garlic cloves, minced \n \n', '\n2 tablespoons\n finely grated fresh ginger \n \n', '\n1 \n medium-size butternut squash, peeled and cubed (about 1 3/4 lb.) \n \n', '\n1 \n small pumpkin, peeled and cubed (about 1 3/4 lb.) \n \n', '\n1 \n large sweet potato, peeled and cubed \n \n', '\n1 \n large Granny Smith apple, peeled and cubed \n \n', '\n1 \n (32-oz.) container low-sodium chicken broth \n \n', '\n2 \n bay leaves \n \n', '\n1 1/2 teaspoons\n red curry paste* \n \n', '\n1/2 teaspoon\n ground pepper \n \n', '\n3/4 cup\n whipping cream \n \n', '\n1 tablespoon\n fresh lime juice \n \n', '\n \n Salt and pepper to taste \n \n']","['1. Melt butter in a large Dutch oven over medium-high heat; add onion and bell pepper, and sauté 8 minutes or until onion is golden. Stir in garlic and ginger, and cook 1 minute. Add squash, next 7 ingredients, and 4 cups water. Bring to a boil, reduce heat to medium-low, and simmer 20 minutes or until vegetables are tender. Remove from heat, and let stand 30 minutes, stirring occasionally. Remove and discard bay leaves.', '2. Process soup, in batches, in a blender until smooth. Return to Dutch oven, and stir in cream. Bring to a simmer over medium heat; stir in lime juice, and season with salt and pepper to taste.', '*1 tsp. curry powder may be substituted.', 'Note: 3 lb. butternut squash may be substituted for 1 3/4 lb. butternut squash and 1 3/4 lb. pumpkin.']"
Cheese Dreams,"['\n2 cups\n finely grated sharp Cheddar cheese \n \n', '\n1 cup\n butter, softened \n \n', '\n2 tablespoons\n heavy cream \n \n', '\n1 \n large egg \n \n', '\n1 teaspoon\n Worcestershire sauce \n \n', '\n1/2 teaspoon\n table salt \n \n', '\n1/2 teaspoon\n dry mustard \n \n', '\n \n Ground red pepper or hot sauce to taste \n \n', '\n1 \n (16-oz.) package firm white sandwich bread slices \n \n']","['1. Preheat oven to 375°. Beat cheese and butter at medium speed with an electric mixer until blended. Beat in cream and next 5 ingredients.', '2. Cut crusts from bread slices; cut each bread slice into 4 squares. Spread cheese mixture on half of bread squares (about 1 tsp. per square); top each with 1 remaining square. Spread remaining cheese mixture over top and sides of sandwiches. Place sandwiches, 1 inch apart, on a lightly greased baking sheet.', '3. Bake at 375° for 15 minutes or until golden brown.', 'Note: We tested with Pepperidge Farm White Sandwich Bread.']"
Mini Corn Cakes with Smoked Salmon and Dill Crème Fraîche,"['\n1 \n (8.25-oz.) can cream-style corn \n \n', '\n1 cup\n plain white cornmeal \n \n', '\n1 cup\n sour cream \n \n', '\n2 tablespoons\n vegetable oil \n \n', '\n1 1/2 teaspoons\n baking powder \n \n', '\n1 teaspoon\n table salt \n \n', '\n2 \n large eggs \n \n', '\n1 cup\n crème fraîche \n \n', '\n2 tablespoons\n finely chopped fresh dill weed \n \n', '\n1 tablespoon\n fresh lemon juice \n \n', '\n2 \n (4-oz.) packages thinly sliced smoked salmon, flaked \n \n', '\n \n Garnish: fresh dill weed \n \n']","['1. Preheat oven to 350°. Whisk together first 7 ingredients until smooth. Spoon 1 heaping teaspoonful corn mixture into each cup of a well-greased 24-cup miniature muffin pan.', '2. Bake at 350° for 20 minutes. Cool 10 minutes.', '3. Stir together crème fraîche, dill, and lemon juice. Top muffins with crème fraîche and salmon.']"
Asparagus with Curry Dip,"['\n2 cups\n mayonnaise \n \n', '\n1 tablespoon\n curry powder \n \n', '\n2 tablespoons\n mustard-mayonnaise sauce \n \n', '\n2 tablespoons\n ketchup \n \n', '\n1 tablespoon\n prepared horseradish \n \n', '\n1 tablespoon\n Worcestershire sauce \n \n', '\n2 teaspoons\n grated onion \n \n', '\n1 teaspoon\n celery seeds \n \n', '\n1 teaspoon\n hot sauce \n \n', '\n1 \n garlic clove, pressed \n \n', '\n \n Salt to taste \n \n', '\n3 \n to 4 lb. steamed fresh asparagus \n \n']","['Stir together mayonnaise, curry powder, mustard-mayonnaise sauce, ketchup, horseradish, Worcestershire sauce, onion, celery seeds, hot sauce, garlic, and salt to taste. Serve with steamed fresh asparagus.', ""Note: We tested with Hellmann's Real Mayonnaise and Durkee Famous Sauce.""]"
Chicks in a Blanket,"['\n1 \n (8-oz.) can refrigerated crescent rolls \n \n', '\n1 \n (12-oz.) package mini smoked chicken-and-apple sausages (24 links) \n \n', '\n \n Parchment paper \n \n', '\n1 \n egg yolk, lightly beaten \n \n', '\n1 tablespoon\n sesame seeds (optional) \n \n', '\n1 tablespoon\n poppy seeds (optional) \n \n', '\n1 tablespoon\n fennel seeds (optional) \n \n', '\n \n Spicy Mustard Sauce \n \n']","['1. Preheat oven to 375°. Unroll crescent rolls; separate into triangles. Cut each triangle into 3 long triangles.', '2. Place 1 sausage link on wide end of each triangle; roll up triangles around sausages, starting at wide end. Place, point sides down, on a parchment paper-lined baking sheet.', '3. Brush rolls with egg yolk. If desired, stir together sesame seeds and next 2 ingredients, and sprinkle over rolls.', '4. Bake at 375° for 14 to 15 minutes or until golden brown. Serve with Spicy Mustard Sauce.', 'Note: We tested with Aidells Chicken & Apple Sausage Minis.']"
Canapé Toast Squares,"['\n9 \n square sandwich bread slices \n \n', '\n \n Vegetable cooking spray \n \n', '\n \n Asparagus-Blue Cheese Canapés \n \n', '\n \n <p>Cranberry-Goat Cheese Canapés</p> \n \n']","['Preheat oven to 350°. Cut bread slices into 36 squares using a 2-inch square cutter. Place in a single layer on a baking sheet. Coat 1 side of bread slices with vegetable cooking spray. Bake 7 to 9 minutes or until lightly toasted.', 'Note: We tested with Pepperidge Farm Original White and 100% Whole Wheat Stoneground bread.']"
Rosemary Salt-and-Vinegar Chips,"['\n2 cups\n malt or white vinegar \n \n', '\n2 tablespoons\n sugar \n \n', '\n2 tablespoons\n kosher salt, divided \n \n', '\n2 \n large russet potatoes (about 2 1/4 lb.) \n \n', '\n1 tablespoon\n finely chopped fresh rosemary \n \n', '\n1 teaspoon\n freshly ground black pepper \n \n', '\n \n Peanut oil \n \n']","['1. Combine vinegar, sugar, 1 Tbsp. salt, and 1 cup water in a medium-size glass bowl, stirring until sugar dissolves. Cut potatoes into thin slices, using a mandoline or sharp knife. (Cut them as thin as you can.)', '2. Stir potatoes into vinegar mixture; chill 24 hours.', '3. Stir together rosemary, pepper, and remaining 1 Tbsp. salt in a small jar. Drain potatoes; gently pat dry with paper towels.', '4. Pour oil to depth of 3 inches into a large Dutch oven; heat to 340°. Fry potatoes, in batches, stirring occasionally, 2 to 3 minutes or until golden brown. Drain on paper towels, and immediately sprinkle with rosemary mixture. Serve warm, or cool completely (about 10 minutes).']"
Rosemary Salt-and-Vinegar Chips,"['\n2 cups\n malt or white vinegar \n \n', '\n2 tablespoons\n sugar \n \n', '\n2 tablespoons\n kosher salt, divided \n \n', '\n2 \n large russet potatoes (about 2 1/4 lb.) \n \n', '\n1 tablespoon\n finely chopped fresh rosemary \n \n', '\n1 teaspoon\n freshly ground black pepper \n \n', '\n \n Peanut oil \n \n']","['1. Combine vinegar, sugar, 1 Tbsp. salt, and 1 cup water in a medium-size glass bowl, stirring until sugar dissolves. Cut potatoes into thin slices, using a mandoline or sharp knife. (Cut them as thin as you can.)', '2. Stir potatoes into vinegar mixture; chill 24 hours.', '3. Stir together rosemary, pepper, and remaining 1 Tbsp. salt in a small jar. Drain potatoes; gently pat dry with paper towels.', '4. Pour oil to depth of 3 inches into a large Dutch oven; heat to 340°. Fry potatoes, in batches, stirring occasionally, 2 to 3 minutes or until golden brown. Drain on paper towels, and immediately sprinkle with rosemary mixture. Serve warm, or cool completely (about 10 minutes).']"
Sesame Salmon Croquettes,"['\n1 \n lemon \n \n', '\n2 tablespoons\n kosher salt \n \n', '\n1 \n (1-lb.) salmon fillet \n \n', '\n2 1/2 cups\n panko (Japanese breadcrumbs), divided \n \n', '\n2 \n large eggs \n \n', '\n2 \n green onions, thinly sliced \n \n', '\n1/4 cup\n chopped fresh cilantro \n \n', '\n1/4 cup\n mayonnaise \n \n', '\n2 teaspoons\n loosely packed lime zest \n \n', '\n2 tablespoons\n fresh lime juice \n \n', '\n1 tablespoon\n finely grated fresh ginger \n \n', '\n1 \n (1.62-oz.) jar toasted sesame seeds \n \n', '\n2 \n garlic cloves, minced \n \n', '\n1/2 teaspoon\n kosher salt \n \n', '\n1/4 teaspoon\n freshly ground black pepper \n \n', '\n1/3 cup\n butter, melted \n \n', '\n \n Ginger Rémoulade \n \n']","['1. Cut lemon in half. Squeeze juice from lemon into a 3-qt. saucepan. Add lemon halves, 2 Tbsp. salt, and 6 cups water, and bring to a boil over medium-high heat. Add salmon fillet (cut into 2 pieces, if necessary); cover and reduce heat to low. Simmer 4 minutes. (Center of salmon will be raw.) Carefully transfer salmon to a large bowl, and cool completely (about 10 minutes). Remove and discard skin, and flake salmon.', '2. Preheat oven to 425°. Stir 1/2 cup panko and next 11 ingredients into flaked salmon.', '3. Stir together melted butter and remaining 2 cups panko. Spoon 1 tsp. panko mixture into each cup of a lightly greased 24-cup miniature muffin pan. Add 1 Tbsp. salmon mixture to each muffin cup. Top each with 1 tsp. panko mixture.', '4. Bake, in batches, at 425° for 10 minutes or until topping is golden brown. Serve warm with Ginger Rémoulade.']"
Coconut Cream,"['\n1/2 cup\n cold heavy cream \n \n', '\n \n Pinch of table salt \n \n', '\n1/3 cup\n coconut milk \n \n']",['Place cold heavy cream and salt in a chilled bowl; beat at medium-high speed with an electric mixer until foamy. Add coconut milk; beat until soft peaks form.']
Warm Kale-and-Asiago Dip,"['\n5 \n bacon slices, chopped \n \n', '\n1 pound\n fresh kale, stemmed and finely chopped (about 1 bunch) \n \n', '\n1/2 \n medium-size sweet onion, chopped \n \n', '\n2 \n garlic cloves, chopped \n \n', '\n1/4 cup\n dry white wine \n \n', '\n1 \n (8-oz.) package 1/3-less-fat cream cheese, softened \n \n', '\n1/2 cup\n mayonnaise \n \n', '\n1 cup\n plus 2 Tbsp. (4 1/2 oz.) shredded Asiago cheese \n \n', '\n1 cup\n plus 2 Tbsp. (4 1/2 oz.) shredded fontina or Swiss cheese \n \n', '\n1 tablespoon\n red wine vinegar \n \n', '\n1/4 \n to 1/2 tsp. dried crushed red pepper \n \n', '\n1/4 teaspoon\n freshly ground black pepper \n \n', '\n \n Assorted crackers and crudités \n \n']","['1. Preheat oven to 350°. Cook bacon in a Dutch oven over medium-high heat, stirring often, 6 to 7 minutes or until crisp; remove bacon, and drain on paper towels, reserving 1 Tbsp. drippings in Dutch oven. Sauté kale, onion, and garlic in hot drippings 7 to 8 minutes or until onion is tender. Add wine, and cook, stirring constantly, 1 to 2 minutes or until particles loosen from bottom of Dutch oven.', '2. Stir together cream cheese and mayonnaise in a large bowl until smooth. Stir in Asiago cheese, next 4 ingredients, and kale mixture. Spoon into a lightly greased 1- to 1 1/2-qt. baking dish.', '3. Bake at 350° for 25 to 30 minutes or until center is hot and cheese is melted. Let stand 5 minutes; top with bacon. Serve with crackers and crudités.']"
Pickled Red Onions and Cukes,"['\n1/2 \n medium-size red onion, thinly sliced \n \n', '\n1/2 \n English cucumber, seeded and sliced \n \n', '\n1 cup\n seasoned rice wine vinegar \n \n', '\n1 \n garlic clove, minced \n \n', '\n1/4 cup\n water \n \n', '\n1 tablespoon\n sugar \n \n', '\n1 1/2 teaspoons\n table salt \n \n']","['Stir together onion, cucumber, vinegar, minced garlic, water, sugar, and salt in a large bowl. Cover and chill 2 hours to 2 days.']"
Pimiento Cheese Gougères,"['\n1/2 cup\n butter, cut up \n \n', '\n3/4 teaspoon\n kosher salt \n \n', '\n1 1/4 cups\n all-purpose flour \n \n', '\n1 \n (4-oz.) jar diced pimiento, drained \n \n', '\n4 \n large eggs \n \n', '\n1 1/2 cups\n (6 oz.) finely shredded sharp Cheddar cheese \n \n', '\n1 1/2 teaspoons\n Dijon mustard \n \n', '\n1/4 teaspoon\n ground red pepper \n \n', '\n \n Parchment paper \n \n']","['1. Preheat oven to 425°. Bring first 2 ingredients and 1 cup water to a rolling boil in a 3-qt. saucepan over medium heat; cook, stirring constantly, 1 minute. Add flour all at once, and beat vigorously with a wooden spoon 1 minute or until mixture is smooth and pulls away from sides of pan, forming a ball of dough. Reduce heat to low, and cook, stirring constantly, 2 minutes. (Dough will begin to dry out.) Remove from heat, and let stand 5 minutes.', '2. Meanwhile, pat pimiento dry with paper towels, and finely chop.', ""3. Add eggs to dough, 1 at a time, stirring until blended after each addition. (If dough separates, don't worry. It will come back together.) Add pimiento, cheese, and next 2 ingredients; stir 2 minutes or until fully combined."", '4. Drop half of dough by level tablespoonfuls 1 inch apart onto 2 parchment paper-lined baking sheets.', '5. Bake at 425° for 10 minutes, placing 1 baking sheet on middle oven rack and other on lower oven rack. Reduce temperature to 325°, switch baking sheets, and bake 10 to 12 more minutes or until golden and crisp. Cool on baking sheets 5 minutes. Repeat procedure with remaining dough. Serve warm.']"
Pepper Jelly Palmiers,"['\n1 \n (17.3-oz.) package frozen puff pastry sheets, thawed \n \n', '\n \n Parchment paper \n \n', '\n1 cup\n plus 2 Tbsp. finely shredded Parmesan cheese \n \n', '\n6 tablespoons\n chopped fresh chives \n \n', '\n1/2 teaspoon\n kosher salt \n \n', '\n1/2 teaspoon\n freshly ground black pepper \n \n', '\n1/2 cup\n hot pepper jelly \n \n']","['1. Roll 1 pastry sheet into a 12- x 10-inch rectangle on lightly floured parchment paper. Sprinkle with half of cheese, 3 Tbsp. chives, and 1/4 tsp. each salt and pepper. Roll up pastry, jelly-roll fashion, starting with each short side and ending at middle of pastry sheet. Wrap pastry tightly with parchment paper. Repeat procedure with remaining pastry sheet, cheese, chives, salt, and pepper. Freeze pastries 1 to 24 hours.', '2. Preheat oven to 375°. Remove pastries from freezer, and let stand at room temperature 10 minutes. Cut each roll into 1/4-inch-thick slices, and place on parchment paper-lined baking sheets.', '3. Bake, in batches, 20 minutes or until golden.', '4. Microwave pepper jelly in a microwave-safe bowl at HIGH 1 minute. Spread 1/2 tsp. pepper jelly onto each palmier. Serve immediately.']"
Canapé Toast Squares,"['\n9 \n square sandwich bread slices \n \n', '\n \n Vegetable cooking spray \n \n', '\n \n Asparagus-Blue Cheese Canapés \n \n', '\n \n <p>Cranberry-Goat Cheese Canapés</p> \n \n']","['Preheat oven to 350°. Cut bread slices into 36 squares using a 2-inch square cutter. Place in a single layer on a baking sheet. Coat 1 side of bread slices with vegetable cooking spray. Bake 7 to 9 minutes or until lightly toasted.', 'Note: We tested with Pepperidge Farm Original White and 100% Whole Wheat Stoneground bread.']"
Avocado Cream,"['\n1 \n large avocado \n \n', '\n1 \n (8-oz.) container sour cream \n \n', '\n2 tablespoons\n chopped fresh dill \n \n', '\n2 tablespoons\n chopped fresh flat-leaf parsley \n \n', '\n1 teaspoon\n loosely packed lemon zest \n \n', '\n2 tablespoons\n fresh lemon juice \n \n', '\n1 \n green onion, minced \n \n', '\n \n Salt and pepper to taste \n \n']","['Scoop pulp from avocado into a medium bowl, and mash until very smooth. Stir in sour cream, dill, parsley, lemon zest, lemon juice, and minced green onion. Add salt and pepper to taste. Serve immediately, or cover and chill up to 1 day. Stir well before serving.']"
Muffuletta Deviled Eggs,"['\n12 \n large eggs \n \n', '\n1/4 cup\n mayonnaise \n \n', '\n6 tablespoons\n Olive Salad \n \n', '\n3 ounces\n very thinly sliced salami \n \n']","['Place eggs in a single layer in a stainless steel saucepan. (Do not use nonstick.) Add water to depth of 3 inches. Bring to a rolling boil. Cover, remove from heat, and let stand 15 minutes. Tap each egg on the counter until cracks form all over the shell. Peel under cold running water. Slice eggs in half lengthwise; remove yolks. Mash yolks with a fork in a bowl. Stir in mayonnaise until smooth. Fold in Olive Salad. Spoon mixture into egg white halves. Heat a small skillet over low heat 1 to 2 minutes or until hot. Add salami, and cook, stirring often, 2 to 3 minutes or until lightly browned and crisp. Remove from skillet, and drain on paper towels. Top eggs with salami. Serve immediately, or cover and chill up to 24 hours.']"
Turnip Green Pesto,"['\n1 \n (1-lb.) package fresh turnip greens, chopped \n \n', '\n2 1/2 tablespoons\n chopped toasted walnuts \n \n', '\n1 \n garlic clove \n \n', '\n3/4 teaspoon\n kosher salt \n \n', '\n1/4 teaspoon\n black pepper \n \n', '\n6 tablespoons\n extra virgin olive oil \n \n', '\n3 tablespoons\n fresh lemon juice \n \n', '\n1 tablespoon\n honey \n \n', '\n2 tablespoons\n freshly grated Parmesan cheese \n \n']","['1. Bring 4 qt. water to a boil in an 8-qt. stockpot. Add greens; cook 30 seconds. Remove greens, and pat dry with paper towels.', '2. Process greens, walnuts, and next 3 ingredients in a food processor 2 to 3 minutes or until a paste forms, stopping to scrape down sides. With processor running, pour oil and lemon juice through food chute in a steady stream, processing until smooth. Add honey and cheese, and pulse 3 or 4 times or until blended. Add kosher salt and black pepper to taste. Serve immediately, or place plastic wrap directly on pesto (to help retain color), and refrigerate up to 1 week. Let stand 10 minutes before serving.', 'Note: We tested with Glory Turnip Greens.']"
Rosemary Focaccia Bread,"['\n1 \n (1/4-oz.) envelope active dry yeast \n \n', '\n1 2/3 cups\n lukewarm water (100° to 110°) \n \n', '\n4 1/2 cups\n bread flour \n \n', '\n1/4 cup\n extra virgin olive oil \n \n', '\n1 tablespoon\n table salt \n \n', '\n2 tablespoons\n fresh rosemary leaves, divided \n \n', '\n3 tablespoons\n extra virgin olive oil \n \n', '\n1 teaspoon\n kosher salt \n \n']","['1. Stir together yeast and warm water in bowl of a heavy-duty electric stand mixer; let stand 5 minutes.', '2. Add bread flour, 1/4 cup oil, and 1 Tbsp. table salt to yeast mixture. Beat on low speed, using paddle attachment, 10 seconds or until blended. Increase speed to medium. Beat 45 seconds or until dough is smooth. Add 1 Tbsp. rosemary. Replace paddle attachment with dough hook; increase speed to medium-high, and beat 4 minutes. (Dough will be sticky.)', '3. Turn dough onto a floured surface, and knead until smooth and elastic (about 1 minute). Place in a greased bowl, turning to coat. Cover dough with plastic wrap, and let rise in a warm place (80° to 85°), free from drafts, 1 hour or until doubled in bulk.', '4. Press dough into a well greased 15- x 10-inch jelly-roll pan, pressing to about 1/4-inch thickness. Cover with a kitchen towel, and let rise in a warm place 1 hour.', '5. Preheat oven to 475°. Press handle of a wooden spoon into dough to make indentations at 1-inch intervals; drizzle with 3 Tbsp. oil. Sprinkle with kosher salt and remaining 1 Tbsp. rosemary. Bake 14 to 16 minutes or until top is light brown. Remove from pan to a wire rack, and cool 10 minutes.']"
Ricotta Pimiento Cheese,"['\n1 cup\n (4 oz.) shredded pepper Jack cheese \n \n', '\n3/4 cup\n (3 oz.) shredded sharp Cheddar cheese \n \n', '\n1/2 cup\n whole-milk ricotta cheese \n \n', '\n2 tablespoons\n mayonnaise \n \n', '\n1 tablespoon\n drained diced pimiento \n \n', '\n1/4 teaspoon\n ground black pepper \n \n', '\n1/8 teaspoon\n table salt \n \n', '\n1/8 teaspoon\n ground red pepper \n \n']","['Stir together pepper Jack cheese, Cheddar cheese, ricotta cheese, mayonnaise, pimiento, ground black pepper, salt, and ground red pepper in a small bowl. Store in refrigerator up to 3 days.']"
Bacon-Grits Fritters,"['\n1 cup\n uncooked quick-cooking grits \n \n', '\n4 cups\n milk \n \n', '\n1 teaspoon\n salt \n \n', '\n1 1/2 cups\n (6 oz.) shredded extra-sharp white Cheddar cheese \n \n', '\n1/2 cup\n cooked and finely crumbled bacon (about 8 slices) \n \n', '\n2 \n green onions, minced \n \n', '\n1/2 teaspoon\n freshly ground pepper \n \n', '\n2 \n large eggs \n \n', '\n3 cups\n Japanese breadcrumbs (panko) \n \n', '\n \n Vegetable oil \n \n']","['1. Prepare grits according to package directions, using 4 cups milk and 1 tsp. salt. Remove from heat, and let stand 5 minutes. Stir in cheese and next 3 ingredients, stirring until cheese is melted. Spoon mixture into a lightly-greased 8-inch square baking dish or pan, and chill 4 to 24 hours.', '2. Roll grits into 1 1/2-inch balls. Whisk together eggs and 1/4 cup water. Dip balls in egg wash, and roll in breadcrumbs.', '3. Pour oil to depth of 3 inches in a large, heavy skillet; heat over medium-high heat to 350°. Fry fritters, in batches, 3 to 4 minutes or until golden brown. Drain on paper towels. Keep fritters warm on a wire rack in a pan in a 225° oven up to 30 minutes. Serve warm.', 'Make ahead: Prepare recipe as directed through Step 2. Cover and chill in a single layer up to 4 hours. Fry as directed. You may also prepare through Step 2 and freeze on a baking sheet for 30 minutes or until firm. Transfer to a zip-top plastic bag, and freeze. Cook frozen fritters as directed in Step 3, increasing cooking time to 5 to 6 minutes or until golden and centers are thoroughly heated.']"
Chicken Liver Pâté,"['\n1 pound\n chicken livers, trimmed \n \n', '\n2 cups\n milk \n \n', '\n4 \n bacon slices \n \n', '\n2 \n garlic cloves, coarsely chopped \n \n', '\n1 \n jalapeño pepper, seeded and chopped \n \n', '\n1/2 teaspoon\n finely chopped fresh thyme \n \n', '\n1/2 teaspoon\n finely chopped fresh rosemary \n \n', '\n2 tablespoons\n butter, melted \n \n', '\n5 tablespoons\n bourbon \n \n', '\n1 teaspoon\n kosher salt \n \n', '\n1/2 teaspoon\n freshly ground black pepper \n \n', '\n2 tablespoons\n butter, softened \n \n']","['1. Rinse livers, and pat dry with paper towels. Place livers in a large bowl, and add 1 cup milk; cover and chill 1 hour. Drain livers, and return to bowl. Add remaining 1 cup milk; cover and chill 1 hour. Drain livers, and pat dry with paper towels.', '2. Cook bacon in a large skillet over medium heat 3 to 4 minutes on each side or until crisp. Drain on paper towels, reserving drippings in skillet. Finely chop bacon.', '3. Cook livers, in batches, in hot drippings over medium heat 2 minutes on each side or until golden brown and done. Remove livers with a slotted spoon, and drain on paper towels. Discard drippings, and wipe skillet clean.', '4. Sauté garlic, jalapeño, and next 2 ingredients in melted butter in skillet over medium-high heat 1 to 2 minutes or until fragrant. Stir in bourbon, salt, and pepper; simmer 1 minute. Remove from heat, and cool 10 minutes.', '5. Process livers, bacon, and garlic mixture in a food processor 60 to 90 seconds or until smooth. Add softened butter, and process 10 seconds or until blended. Transfer to a bowl; cover and chill 4 hours.', 'Note: Chopped, cooked bacon may be omitted from the pâté and used as a topping instead, if desired.']"
Cranberry-Pecan Chutney,"['\n1 cup\n apple cider \n \n', '\n3/4 cup\n fresh orange juice \n \n', '\n1/2 cup\n sugar \n \n', '\n1 \n (3-inch) cinnamon stick \n \n', '\n1 \n (1-inch) piece fresh ginger \n \n', '\n1/2 teaspoon\n kosher salt \n \n', '\n1/2 teaspoon\n whole cloves \n \n', '\n1/8 teaspoon\n dried crushed red pepper \n \n', '\n1 \n (12-oz.) package fresh or frozen cranberries \n \n', '\n3/4 cup\n dried apricots, diced \n \n', '\n1/2 teaspoon\n loosely packed orange zest \n \n', '\n1/2 cup\n chopped toasted pecans \n \n']","['1. Bring first 8 ingredients to a boil in a large saucepan over medium-high heat. Reduce heat to low, and simmer, stirring occasionally, 10 minutes. Remove cloves with a slotted spoon, and discard.', '2. Add cranberries; increase heat to medium, and bring to a boil. Boil, stirring occasionally, 3 to 5 minutes or just until cranberries begin to pop. Discard cinnamon stick and ginger. Stir in apricots and orange zest; remove from heat. Cool completely. Serve immediately, or chill up to 2 days. Stir in pecans just before serving.']"
Green Goddess Dipping Sauce,"['\n3/4 cup\n sour cream \n \n', '\n1/2 cup\n firmly packed fresh parsley leaves \n \n', '\n1/2 cup\n mayonnaise \n \n', '\n1 \n green onion, chopped \n \n', '\n1 tablespoon\n firmly packed fresh dill leaves \n \n', '\n1 tablespoon\n firmly packed fresh tarragon leaves \n \n', '\n2 teaspoons\n lemon zest \n \n', '\n1 tablespoon\n lemon juice \n \n', '\n1 \n garlic clove \n \n', '\n1/2 teaspoon\n salt \n \n', '\n1/4 teaspoon\n pepper \n \n', '\n \n Garnish: fresh dill sprig \n \n']","['Process first 11 ingredients in a food processor or blender 30 seconds or until smooth, stopping to scrape sides as needed. Cover and chill 1 hour before serving. Garnish, if desired. Store in refrigerator up to 1 week.']"
Caramelized Onion-and-Apple Tassies,"['\n1/2 cup\n butter, softened \n \n', '\n1/2 \n (8-oz.) package cream cheese, softened \n \n', '\n1 cup\n (4 oz.) shredded Asiago cheese, divided \n \n', '\n1 1/4 cups\n all-purpose flour \n \n', '\n2 tablespoons\n butter \n \n', '\n1 3/4 cups\n diced sweet onion \n \n', '\n1 3/4 cups\n peeled and diced Granny Smith apples (about 2 large) \n \n', '\n1 tablespoon\n light brown sugar \n \n', '\n1 tablespoon\n balsamic vinegar \n \n', '\n1/2 teaspoon\n freshly ground black pepper \n \n', '\n1/8 teaspoon\n table salt \n \n', '\n4 \n bacon slices, cooked and finely chopped \n \n', '\n2 teaspoons\n fresh thyme leaves \n \n']","['1. Beat first 2 ingredients and 1/2 cup Asiago cheese at medium speed with an electric mixer until creamy. Gradually add flour, beating at low speed until blended. Shape mixture into 24 balls; place on a baking sheet. Cover and chill 1 hour.', '2. Meanwhile, melt 2 Tbsp. butter in a medium skillet over medium heat; add onion, and sauté 5 minutes. Add apple and next 4 ingredients, and cook, stirring occasionally, 10 minutes or until golden brown. Remove from heat, and cool completely.', '3. Preheat oven to 350°. Place dough balls into cups of a lightly greased 24-cup miniature muffin pan; press dough into muffin cups, forming a shell. Sprinkle bacon into shells; top with apple mixture, mounding mixture slightly. Sprinkle with remaining 1/2 cup Asiago cheese.', '4. Bake at 350° for 20 to 25 minutes or until golden brown. Remove from pan to a wire rack, and sprinkle with thyme.']"
Lemon-Garlic Mayo,"['\n1 tablespoon\n lemon juice \n \n', '\n2 \n garlic cloves, minced \n \n', '\n1 cup\n mayonnaise \n \n', '\n2 tablespoons\n chopped fresh parsley \n \n', '\n \n Salt and pepper to taste \n \n']",['Combine lemon juice and minced garlic in a small bowl; let stand 5 minutes. Stir in mayonnaise and parsley. Season with salt and pepper to taste.']
Spiced Pecans,"['\n1 1/2 cups\n apple juice \n \n', '\n1 1/2 cups\n pecan halves \n \n', '\n3 tablespoons\n sugar \n \n', '\n1 teaspoon\n apple pie spice \n \n', '\n1/8 teaspoon\n table salt \n \n', '\n1/8 teaspoon\n ground red pepper (optional) \n \n']","['Preheat oven to 350°. Pour apple juice over pecan halves in a small bowl. Let stand 15 minutes; drain. Stir together sugar, apple pie spice, table salt, and, if desired, ground red pepper in a medium bowl; add pecans, tossing to coat. Spread in a single layer in a lightly greased, aluminum foil-lined 15- x 10-inch pan. Bake 15 minutes or until lightly toasted, stirring once. Cool in pan on a wire rack 20 minutes; separate pecans with a fork.']"
Broccoli Salad Dip,"['\n1/2 pound\n fresh broccoli \n \n', '\n6 ounces\n cream cheese, softened \n \n', '\n2/3 cup\n low-fat Greek yogurt \n \n', '\n1/4 cup\n apple cider vinegar \n \n', '\n2 teaspoons\n sugar \n \n', '\n1/4 teaspoon\n kosher salt \n \n', '\n4 \n thick bacon slices, cooked and chopped \n \n', '\n1/2 cup\n coarsely chopped cashews \n \n', '\n1/2 cup\n (2 oz.) shredded sharp Cheddar cheese \n \n', '\n1/3 cup\n minced red onion \n \n']","['1. Remove and discard large leaves and tough ends of stalks from broccoli. Peel and coarsely chop stems; coarsely chop florets.', '2. Process cream cheese and next 4 ingredients in a food processor until smooth. Add broccoli; pulse 12 to 15 times or until finely chopped. Fold bacon and remaining ingredients into cream cheese mixture. Serve immediately, or chill up to 3 days.']"
Buffalo Chicken Pot Stickers,"['\n4 cups\n shredded cooked chicken \n \n', '\n3/4 cup\n Buffalo-style hot sauce \n \n', '\n3 \n green onions, chopped (about 1/2 cup) \n \n', '\n1/2 teaspoon\n freshly ground black pepper \n \n', '\n48 \n wonton wrappers \n \n', '\n1 tablespoon\n olive oil \n \n', '\n1/3 cup\n water \n \n', '\n \n Parchment paper \n \n']","['Stir together chicken, hot sauce, green onions, and freshly ground black pepper in a medium bowl. Spoon 2 tsp. chicken mixture in center of each wonton wrapper. Moisten edges of each wonton with water; fold corners over mixture to form a triangle. Press edges to seal. Heat olive oil in a large nonstick skillet over medium heat. Cook wontons, 12 at a time, in hot oil 2 minutes or until golden. (Do not turn.) Add water; cover and cook 2 more minutes. Transfer to a parchment paper-lined baking sheet, and keep warm in a 200° oven until ready to serve.']"
Caramelized Onion-and-Goat Cheese Bread,"['\n1/2 cup\n chopped pecans \n \n', '\n1 tablespoon\n butter \n \n', '\n1 \n medium-size sweet onion, halved and thinly sliced \n \n', '\n1/2 teaspoon\n sugar \n \n', '\n1 \n large garlic clove, minced \n \n', '\n1 \n (10.5-oz.) goat cheese log \n \n', '\n1/8 teaspoon\n salt \n \n', '\n1/8 teaspoon\n pepper \n \n', '\n1 \n (8.5-oz.) loaf French bread baguette, cut in half lengthwise \n \n', '\n1/2 cup\n honey \n \n']","['1. Place pecans in a single layer in a baking sheet.', '2. Bake at 350° for 10 to 12 minutes or until lightly toasted.', '3. Melt butter in a 10-inch skillet over medium-high heat. Stir in onion and sugar. Cook, stirring often, 20 to 25 minutes or until onions are caramel colored. Add garlic, and cook 2 more minutes. Remove from heat, and let stand 30 minutes.', '4. Process onion mixture, goat cheese, salt, and pepper in a blender or food processor 30 to 45 seconds or until ingredients are well blended and smooth. Spread mixture evenly onto cut sides of bread. Place on a baking sheet.', '5. Bake at 375° for 15 minutes or until thoroughly heated and edges are lightly browned. Cut into 1-inch slices. Drizzle evenly with honey, and sprinkle with toasted pecans.']"
Orange-Basil Yogurt Dip,"['\n1 \n orange \n \n', '\n1 1/2 cups\n Greek yogurt \n \n', '\n1 \n small garlic clove, grated \n \n', '\n1/3 cup\n chopped fresh basil \n \n', '\n \n Salt and pepper to taste \n \n']","['Grate zest from orange to equal 2 tsp. Cut orange in half, and squeeze juice from orange to equal 3 Tbsp. Stir together zest; orange juice; yogurt; garlic; and basil in a medium bowl. Add salt and pepper to taste. Refrigerate in an airtight container up to 3 days.']"
Pickled Tiny Tomatoes,"['\n3 \n pt. assorted grape tomatoes \n \n', '\n2 cups\n seasoned rice vinegar \n \n', '\n3 tablespoons\n sugar \n \n', '\n3 \n garlic cloves, thinly sliced \n \n', '\n1 tablespoon\n pickling spice \n \n', '\n1 tablespoon\n kosher salt \n \n', '\n1 \n (1/2-inch) piece fresh ginger, peeled and sliced (optional) \n \n']","['Pierce each tomato 3 times using a wooden pick or skewer, and place tomatoes in a large glass bowl. Bring vinegar, next 4 ingredients and, if desired, ginger, and 1 1/2 cups water to a boil in a large saucepan over high heat. Remove from heat, and pour over tomatoes. Cool 1 hour. Cover and chill 24 hours before serving. Refrigerate in an airtight container up to 2 weeks.']"
Sweet-'n'-Salty Honey Cheese Spread,"['\n1 \n (10.5-oz.) goat cheese log \n \n', '\n1/2 cup\n roasted, salted sunflower seeds \n \n', '\n1/3 cup\n honey \n \n', '\n1 \n pt. fresh raspberries, blackberries, or blueberries \n \n', '\n \n Garnish: fresh mint leaves \n \n', '\n \n Assorted crackers \n \n']","['1. Press or roll goat cheese log in sunflower seeds, thoroughly covering cheese, including ends. Arrange cheese on a serving platter with any remaining sunflower seeds. Drizzle with honey. Sprinkle with berries. Garnish, if desired. Serve immediately with assorted crackers.', 'Note: Nutritional analysis includes raspberries.']"
Buttery Garlic Shrimp,"['\n1 1/2 pounds\n peeled, large raw shrimp \n \n', '\n1/2 cup\n butter, divided \n \n', '\n5 \n garlic cloves, thinly sliced \n \n', '\n1/2 cup\n dry white wine \n \n', '\n1/2 teaspoon\n kosher salt \n \n', '\n1/2 teaspoon\n freshly ground black pepper \n \n', '\n1/4 cup\n chopped fresh flat-leaf parsley \n \n', '\n \n French bread baguette \n \n']","['1. Devein shrimp, if desired. Melt 2 Tbsp. butter in a large skillet over medium heat; add shrimp, and sauté 3 minutes or just until shrimp turn pink. Remove shrimp from skillet.', '2. Add garlic to skillet, and sauté 30 seconds. Add wine, and cook, stirring constantly, 2 minutes. Stir in salt and pepper. Whisk in remaining butter, 1 Tbsp. at a time, and cook, whisking constantly, 2 to 3 minutes or until thickened. Remove from heat, and add parsley and cooked shrimp, tossing to coat. Serve with grilled French bread slices.']"
Stuffed Mushrooms With Pecans,"['\n2 \n medium leeks \n \n', '\n1 \n (16-oz.) package fresh mushrooms (about 24 medium-size mushrooms) \n \n', '\n1 teaspoon\n salt, divided \n \n', '\n2 \n shallots, minced \n \n', '\n2 \n garlic cloves, minced \n \n', '\n2 tablespoons\n olive oil \n \n', '\n1/2 cup\n grated Parmesan cheese \n \n', '\n1/4 cup\n fine, dry breadcrumbs \n \n', '\n1/4 cup\n pecans, chopped \n \n', '\n2 tablespoons\n chopped fresh basil \n \n', '\n \n Garnish: fresh basil sprigs \n \n']","['1. Preheat oven to 350°. Remove and discard root ends and dark green tops of leeks. Thinly slice leeks, and rinse thoroughly under cold running water to remove grit and sand.', '2. Rinse mushrooms, and pat dry. Remove and discard stems. Place mushrooms, upside down, on a wire rack in an aluminum foil-lined jelly-roll pan. Sprinkle with 1/2 tsp. salt; invert mushrooms.', '3. Bake at 350° for 15 minutes.', '4. Sauté leeks, shallots, and garlic in hot oil in a large skillet over medium heat 3 to 5 minutes or until tender. Transfer mixture to a large bowl. Stir in 1/4 cup Parmesan cheese, next 3 ingredients, and remaining 1/2 tsp. salt until well combined. Spoon 1 heaping teaspoonful leek mixture into each mushroom cap. Sprinkle with remaining 1/4 cup Parmesan cheese. Bake at 350° for 10 minutes or until golden. Garnish, if desired.']"
Pimiento-Stuffed Summer Squash,"['\n1 \n (4-oz.) goat cheese log, softened \n \n', '\n3 tablespoons\n diced pimiento, drained \n \n', '\n2 \n cooked bacon slices, finely chopped \n \n', '\n1 tablespoon\n chopped fresh basil \n \n', '\n12 \n to 15 baby squash \n \n']","['1. Stir together goat cheese and next 3 ingredients until smooth; add salt and pepper to taste. If desired, stir in 1 to 2 tsp. water to reach desired consistency. Spoon mixture into a zip-top plastic freezer bag. Snip 1 corner of bag to make a 1/2-inch hole.', '2. Cut top from each baby squash, and scoop seeds from bottom, using a small spoon. Pipe cheese mixture into bottom of each squash; place top of squash over filling. Serve immediately.']"
Guacamole-Goat Cheese Toasts,"['\n2 \n ripe avocados \n \n', '\n3 tablespoons\n finely chopped red onion, divided \n \n', '\n1/2 \n medium-size jalapeño pepper, seeded and chopped \n \n', '\n1 \n garlic clove, pressed \n \n', '\n2 1/2 teaspoons\n fresh lime juice \n \n', '\n1/4 teaspoon\n salt \n \n', '\n1/4 teaspoon\n coarsely ground pepper \n \n', '\n1/2 cup\n crumbled goat cheese \n \n', '\n1 \n fresh tomatillo, husk removed \n \n', '\n1 \n (7-oz.) package miniature white pita rounds* \n \n', '\n2 tablespoons\n olive oil \n \n', '\n1 \n plum tomato, seeded and finely chopped \n \n']","['1. Cut avocados in half. Scoop pulp into a bowl, and mash with a potato masher or fork until slightly chunky. Stir in 2 Tbsp. red onion and next 5 ingredients. Gently fold in cheese. Place plastic wrap directly on surface of mixture, and let stand at room temperature 30 minutes.', '2. Meanwhile, preheat oven to 375°. Finely chop tomatillo.', '3. Separate pita rounds lengthwise into two halves. Arrange in a single layer on a baking sheet; drizzle with olive oil.', '4. Bake at 375° for 6 to 8 minutes or until toasted. Top each with 1 rounded teaspoonful avocado mixture. Stir together tomatillo, tomato, and remaining 1 Tbsp. red onion. Top avocado mixture with tomatillo mixture. Sprinkle with coarsely ground pepper to taste.', '*1 (8.5-oz.) French bread baguette may be substituted for pita rounds. Cut bread diagonally into 42 (1/2-inch-thick) slices, discarding ends.', 'Note: For testing purposes only, we used Toufayan Bakeries Mini Pitettes.', '', '']"
Brown Sugar Fruit Dip,"['\n1/2 cup\n firmly packed brown sugar \n \n', '\n1 \n (8-oz.) package cream cheese, softened \n \n', '\n1 cup\n sour cream \n \n', '\n1 teaspoon\n vanilla extract \n \n', '\n1/3 cup\n coffee liqueur (optional) \n \n', '\n1 cup\n frozen whipped topping, thawed \n \n', '\n \n Garnish: brown sugar \n \n', '\n \n Assorted fruit \n \n']","['1. Beat brown sugar and cream cheese at medium speed with an electric mixer until smooth. Add sour cream, vanilla, and, if desired, coffee liqueur, beating until blended and smooth; fold in whipped topping. Cover and chill 4 hours. Garnish, if desired. Serve with assorted fruit.', 'Note: For testing purposes only, we used Kahlúa for coffee liqueur.']"
Baked Brie with Jezebel Peaches,"['\n1 tablespoon\n hot jalapeno pepper jelly \n \n', '\n1 teaspoon\n spicy brown mustard \n \n', '\n1/4 teaspoon\n kosher salt \n \n', '\n1/8 teaspoon\n freshly ground black pepper \n \n', '\n1 \n large ripe peach, peeled and diced \n \n', '\n1 \n Brie round (about 13.2 oz.), packed in a wooden box \n \n', '\n \n Assorted crackers \n \n']","['1. Preheat oven to 350°. Stir together first 4 ingredients; gently stir in peaches until coated.', '2. Unwrap Brie; trim and discard rind from top. Return cheese to wooden box bottom, and place box on a baking sheet.', '3. Bake at 350° for 10 minutes. Spoon peach mixture over Brie, mounding slightly. Bake 5 minutes or until cheese is melted. Carefully transfer box to a platter, and serve immediately with crackers.']"
Shrimp Mojo de Ajo,"['\n24 \n unpeeled, large raw shrimp \n \n', '\n1/2 cup\n Mojo de Ajo \n \n', '\n24 \n (6-inch) wooden skewers \n \n', '\n \n Garnishes: lime wedges, fresh cilantro sprigs, coarse sea salt \n \n']","['1. Peel shrimp, leaving tails on; devein, if desired. Combine shrimp and Mojo de Ajo, tossing to coat. Let stand 30 minutes.', '2. Meanwhile, soak wooden skewers in water 30 minutes.', '3. Remove shrimp from Mojo de Ajo, discarding marinade. Thread 1 shrimp onto each skewer.', '4. Grill, covered with grill lid, over medium-high heat 1 to 2 minutes on each side or just until shrimp turn pink. Garnish, if desired.']"
Blackberry-Brie Pizzettas,"['\n2 tablespoons\n butter \n \n', '\n1 \n large sweet onion, thinly sliced \n \n', '\n1 \n medium-size fennel bulb, thinly sliced (optional) \n \n', '\n \n Pizzetta Dough* \n \n', '\n \n Parchment paper \n \n', '\n2 tablespoons\n extra virgin olive oil, divided \n \n', '\n12 ounces\n Brie cheese, trimmed and sliced* \n \n', '\n1 1/2 cups\n fresh blackberries, halved \n \n', '\n3/4 cup\n chopped toasted pecans \n \n', '\n2 cups\n loosely packed fresh arugula \n \n', '\n1/4 cup\n torn basil leaves \n \n', '\n2 teaspoons\n balsamic vinegar \n \n']","['1. Preheat oven to 425°. Melt butter in a large skillet over medium-high heat; add onion and, if desired, fennel, and cook, stirring often, 20 minutes or until golden brown.', '2. Flour hands, and shape each Pizzetta Dough ball into a 6- to 8-inch round. Place each round on a small piece of parchment paper. Brush with 1 Tbsp. oil. Top dough rounds with cheese, next 2 ingredients, and onion mixture.', '3. Place 4 pizzettas (on parchment paper) directly on oven rack, and bake at 425° for 12 to 14 minutes or until golden. Repeat with remaining dough rounds.', '4. Toss together arugula, next 2 ingredients, and remaining 1 Tbsp. oil. Add salt and pepper to taste. Sprinkle baked pizzettas with arugula mixture just before serving.', '*1 lb. store-bought pizza dough and 8 oz. sliced or shredded mozzarella cheese may be substituted.']"
Apple Flatbread,"['\n1 \n (11-oz.) can refrigerated thin-crust pizza dough \n \n', '\n \n Vegetable cooking spray \n \n', '\n2 \n crisp, sweet apples (such as Gala, Fuji, or Braeburn) \n \n', '\n1 1/2 teaspoons\n fresh lemon juice, divided \n \n', '\n1 cup\n ricotta cheese \n \n', '\n1 teaspoon\n firmly packed lemon zest \n \n', '\n1/2 teaspoon\n kosher salt \n \n', '\n1/4 teaspoon\n freshly ground black pepper \n \n', '\n1/2 \n small red onion, thinly sliced \n \n', '\n1/2 cup\n slivered almonds, toasted \n \n', '\n1 teaspoon\n honey \n \n', '\n \n Garnish: thinly sliced fresh flat-leaf parsley leaves \n \n']","['1. Preheat oven to 425°. Press pizza dough into a 14- x 9-inch rectangle in a lightly greased (with cooking spray) jelly-roll pan.', '2. Bake at 425° on lower oven rack 20 minutes or until lightly browned and crisp. Meanwhile, thinly slice apples; toss with 1/2 tsp. lemon juice.', '3. Stir together ricotta cheese, lemon zest, kosher salt, freshly ground black pepper, and remaining 1 tsp. lemon juice. Spread ricotta mixture over baked crust.', '4. Arrange apples over ricotta mixture, and sprinkle with onion slices and almonds. Drizzle with honey. Cut into squares, and serve immediately.', 'Chicken-Apple Sausage Flatbread: Prepare recipe through Step 2, omitting ricotta, zest, onion, almonds, and honey. Cook 1 (12-oz.) package smoked chicken-and-apple sausage links in a skillet over medium-high heat 6 minutes or until browned; slice. Stir salt and pepper into 1/2 cup whipped cream cheese spread; spread over baked crust. Top with apples and sausage. Sprinkle with chopped fresh chives and basil. Hands-on 20 min., Total 40 min.']"
Apple Butter-and-Cheddar Puffs,"['\n1 \n (17.3-oz.) package frozen puff pastry sheets, thawed \n \n', '\n2 \n egg whites, lightly beaten \n \n', '\n1/2 cup\n Easy Apple Butter \n \n', '\n1 1/2 tablespoons\n fresh thyme leaves \n \n', '\n1 1/4 cups\n (5 oz.) shredded sharp Cheddar cheese, divided \n \n', '\n \n Parchment paper \n \n']","['1. Preheat oven to 400°. Unfold 1 pastry sheet, and roll to a 9- x 12-inch rectangle on a lightly floured surface. Cut pastry into 9 (4- x 3-inch) rectangles. Brush edges of rectangles with a small amount of egg whites. Stir together apple butter and thyme leaves. Spoon about 1 tsp. apple butter mixture into center of each rectangle. Sprinkle each with about 1 Tbsp. cheese. Fold 2 opposite corners together, and pinch to seal.', '2. Gently transfer to a parchment paper-lined baking sheet. Brush pastries with egg whites, reserving remaining egg whites for second batch; sprinkle each pastry with about 1/2 Tbsp. cheese.', '3. Bake at 400° for 20 to 25 minutes or until puffed and golden brown. While first batch bakes, repeat procedure with remaining pastry sheet, egg whites, apple butter mixture, and cheese. Serve immediately.']"
Butternut-Goat Cheese-Stuffed Mushrooms,"['\n12 ounces\n butternut squash, cut into 1/4-inch cubes (about 3 cups) \n \n', '\n1 tablespoon\n olive oil \n \n', '\n1 1/2 teaspoons\n finely chopped fresh sage leaves \n \n', '\n3 tablespoons\n butter, divided \n \n', '\n1/4 cup\n dry white wine (such as Chardonnay) \n \n', '\n3 \n (8-oz.) packages fresh mushrooms \n \n', '\n1 \n (4-oz.) goat cheese log \n \n', '\n1/2 teaspoon\n kosher salt \n \n', '\n1/4 teaspoon\n freshly ground black pepper \n \n', '\n1/4 cup\n panko (Japanese breadcrumbs) \n \n', '\n \n Vegetable cooking spray \n \n', '\n \n Garnish: chopped fresh chives \n \n']","['1. Preheat oven to 375°. Cook squash in hot oil in a large skillet over high heat, stirring occasionally, 8 to 10 minutes or until browned. Add sage and 1 Tbsp. butter, and cook, stirring constantly, 2 minutes. Add wine, and cook, stirring constantly, 3 minutes or until wine has evaporated. Transfer squash to a medium bowl, and cool about 10 minutes.', '2. Meanwhile, rinse mushrooms, and pat dry. Remove and discard stems.', '3. Stir goat cheese and next 2 ingredients into squash mixture just until combined.', '4. Microwave remaining 2 Tbsp. butter in a medium microwave-safe bowl at HIGH 30 seconds. Stir breadcrumbs into melted butter just until combined. Spoon desired amount of goat cheese mixture into each mushroom cap. Holding each filled mushroom over breadcrumb mixture, press about 1 Tbsp. crumb mixture onto filling. Place mushrooms in a single layer on a lightly greased (with cooking spray) wire rack in a jelly-roll pan. Bake at 375° for 15 to 20 minutes or until breadcrumbs are toasted and golden brown.']"
Spicy-Sweet Pecans,"['\n3/4 cup\n granulated sugar \n \n', '\n1 tablespoon\n light brown sugar \n \n', '\n2 teaspoons\n chopped fresh rosemary \n \n', '\n1 teaspoon\n kosher salt \n \n', '\n1 teaspoon\n ground cinnamon \n \n', '\n1/2 teaspoon\n ground ginger \n \n', '\n1/4 teaspoon\n ground nutmeg \n \n', '\n1/4 teaspoon\n ground red pepper \n \n', '\n1 \n large egg white \n \n', '\n4 cups\n pecan halves \n \n', '\n \n Vegetable cooking spray \n \n', '\n \n Wax paper \n \n']","['1. Preheat oven to 275°. Stir together first 8 ingredients in a medium bowl.', '2. Whisk together egg white and 1 Tbsp. water in a separate medium bowl until foamy. (No liquid should remain.) Add pecans, stirring to coat.', '3. Add pecan mixture to sugar mixture, stirring until evenly coated. Spread pecans in a single layer on a lightly greased (with cooking spray) aluminum foil-lined half-sheet pan (about 17 x 12 inches).', '4. Bake at 275° for 50 to 55 minutes or until sugar mixture hardens and nuts are toasted, stirring every 15 minutes. Spread immediately in a single layer on wax paper; cool completely (about 30 minutes). Store in an airtight container up to 7 days.']"
Sweet Potato Squares With Lemon-Garlic Mayonnaise,"['\n2 pounds\n sweet potatoes, peeled and cut into 32 (1-inch) cubes \n \n', '\n2 tablespoons\n olive oil \n \n', '\n1/2 teaspoon\n pepper \n \n', '\n1/4 teaspoon\n salt \n \n', '\n1/2 pound\n spicy smoked sausage, cut into 32 (1/2-inch) pieces \n \n', '\n32 \n wooden picks \n \n', '\n \n Lemon-Garlic Mayonnaise \n \n', '\n \n Garnish: fresh thyme sprigs \n \n']","['1. Preheat oven to 450°. Place sweet potato cubes on a lightly greased 15- x 10-inch jelly-roll pan. Drizzle potatoes with 2 Tbsp. oil, and sprinkle with pepper and salt. Toss to coat.', '2. Bake at 450° for 15 to 20 minutes, turning cubes twice.', '3. Cook sausage in a large nonstick skillet over medium-high heat 3 to 4 minutes on each side or until browned. Drain on paper towels.', '4. Place 1 sausage slice on top of 1 sweet potato cube; secure with a wooden pick. Repeat with remaining sausage slices and potato cubes. Serve with Lemon-Garlic Mayonnaise. Garnish, if desired.', '\xa0', '\xa0']"
Jalapeño Cheese Straws,"['\n1 \n (8-oz.) block extra-sharp Cheddar cheese, grated \n \n', '\n1/4 cup\n grated Parmesan cheese \n \n', '\n1/2 cup\n butter, softened \n \n', '\n3 tablespoons\n diced pimiento, drained \n \n', '\n1 \n jalapeño pepper, seeded and minced \n \n', '\n2 teaspoons\n half-and-half \n \n', '\n1 teaspoon\n kosher salt \n \n', '\n1/8 \n to 1/4 tsp. ground red pepper (optional) \n \n', '\n1 1/2 cups\n all-purpose flour \n \n', '\n \n Parchment paper \n \n']","['1. Preheat oven to 350°. Beat Cheddar cheese, next 6 ingredients, and, if desired, red pepper at medium speed with a heavy-duty electric stand mixer until blended. Gradually add flour, beating at low speed just until combined.', '2. Turn dough out onto a well-floured surface. Divide dough in half; flatten each half into a square. Roll each square to 1/8-inch thickness (about 12 x 12 inches). Cut into 1/2- x 12-inch strips, using a fluted pastry wheel.', '3. Holding 1 dough strip at each end, twist strip until tightly curled. Pinch ends to seal. Repeat with remaining strips, and place 1/2 inch apart on 2 parchment paper-lined baking sheets.', '4. Bake at 350° for 10 minutes, placing 1 sheet on middle oven rack and 1 sheet on lower oven rack. Rotate pans front to back, and top rack to bottom rack. Bake 10 to 12 more minutes or until edges begin to brown. Cool on baking sheets on wire racks 5 minutes. Remove to wire racks, and cool completely.']"
Baked Goat Cheese Dip,"['\n1 \n small onion, diced \n \n', '\n1 tablespoon\n olive oil \n \n', '\n2 \n garlic cloves, minced \n \n', '\n2 tablespoons\n tomato paste \n \n', '\n1/4 teaspoon\n dried crushed red pepper \n \n', '\n \n Pinch of sugar \n \n', '\n1 \n (14.5-oz.) can petite-diced tomatoes \n \n', '\n1/4 cup\n chopped sun-dried tomatoes in oil \n \n', '\n1/4 cup\n torn basil leaves \n \n', '\n \n Salt and pepper to taste \n \n', '\n2 \n (4-oz.) goat cheese logs, softened \n \n', '\n1 \n (8-oz.) package cream cheese, softened \n \n', '\n \n Assorted cut vegetables and bread cubes \n \n']","['1. Preheat oven to 350°. Sauté onion in hot oil in a 3-qt. saucepan over medium-high heat 5 minutes or until tender. Stir in garlic and next 3 ingredients, and cook, stirring constantly, 1 minute. Stir in diced and sun-dried tomatoes. Reduce heat to medium-low, and simmer, stirring occasionally, 10 minutes or until very thick. Remove from heat, and stir in basil and salt and pepper to taste.', '2. Stir together goat cheese and cream cheese until well blended. Spread into a lightly greased 9-inch shallow ovenproof dish. Top with tomato mixture.', '3. Bake at 350° for 15 to 18 minutes or until thoroughly heated. Serve with assorted vegetables and bread cubes.', 'Make ahead: Prepare recipe as directed through Step 2. Cover and freeze up to 1 month. Thaw in refrigerator overnight. Let stand at room temperature 30 minutes. Bake as directed.']"
Grilled Tomato-Rosemary Tart,"['\n3 \n plum tomatoes \n \n', '\n1/2 teaspoon\n kosher salt \n \n', '\n1/2 \n (17.3-oz.) package frozen puff pastry sheets, thawed \n \n', '\n1/4 cup\n (2 oz.) shredded mozzarella cheese \n \n', '\n1 teaspoon\n lemon zest \n \n', '\n1 teaspoon\n fresh rosemary \n \n', '\n1/2 teaspoon\n freshly ground pepper \n \n', '\n1 tablespoon\n chopped fresh parsley (optional) \n \n']","['1. Preheat oven to 400°. Cut tomatoes into 1/4-inch slices, and place on a paper towel-lined wire rack. Sprinkle tomatoes with salt. Let stand 20 minutes. Pat dry with paper towels.', '2. Unfold 1 puff pastry sheet on a lightly floured baking sheet. Arrange tomato slices in a single layer on pastry. Stir together cheese and next 3 ingredients in a small bowl. Sprinkle cheese mixture over tomatoes.', '3. Preheat grill to 350° to 400° (medium-high) heat. Turn 1 side of grill off; leave other side lit. Transfer tart from baking sheet to unlit side of grill, and grill, covered with grill lid, 20 to 22 minutes or until pastry is puffed and golden brown.']"
Blue Cheese-Bacon Dip,"['\n7 \n bacon slices, chopped \n \n', '\n2 \n garlic cloves, minced \n \n', '\n2 \n (8-ounce) packages cream cheese, softened \n \n', '\n1/3 cup\n half-and-half \n \n', '\n4 ounces\n crumbled blue cheese \n \n', '\n2 tablespoons\n chopped fresh chives \n \n', '\n3 tablespoons\n chopped walnuts, toasted \n \n', '\n \n Grape clusters \n \n', '\n \n Flatbread or assorted crackers \n \n']","['Cook chopped bacon in a skillet over medium-high heat 10 minutes or until crisp. Drain bacon, and set aside. Add minced garlic to skillet, and sauté 1 minute.', 'Beat cream cheese at medium speed with an electric mixer until smooth. Add half-and-half, beating until combined. Stir in bacon, garlic, blue cheese, and chives. Spoon mixture evenly into 4 (1-cup) individual baking dishes.', 'Bake at 350° for 15 minutes or until golden and bubbly. Sprinkle evenly with chopped walnuts, and serve with grape clusters and flatbread or assorted crackers.']"
Mustard-Dill Tortellini Salad Skewers,"['\n1 \n (9-oz.) package refrigerated cheese tortellini \n \n', '\n1 \n (8-oz.) package frozen sugar snap peas \n \n', '\n68 \n (4-inch) wooden skewers \n \n', '\n1 \n pt. grape tomatoes, cut in half \n \n', '\n \n Mustard-Dill Vinaigrette* \n \n']","['1. Cook tortellini according to package directions. Rinse under cold running water.', '2. Place sugar snap peas in a small bowl; cover with plastic wrap. Microwave at HIGH 2 minutes. Let stand, covered, 2 minutes. Rinse under cold running water.', '3. Thread each skewer with 1 sugar snap pea, 1 tortellini, and 1 tomato half. Place skewers in a 13- x 9-inch baking dish. Pour Mustard-Dill Vinaigrette over skewers, turning to coat. Cover and chill 4 hours. Transfer skewers to a serving platter; discard any remaining vinaigrette.', ""*1 (12-oz.) bottle light Champagne vinaigrette may be substituted. For testing purposes only, we used Girard's Light Champagne Dressing.""]"
Stuffed Cherry Tomatoes,"['\n2 \n pints cherry tomatoes \n \n', '\n1 \n avocado, peeled and diced \n \n', '\n1 teaspoon\n lemon juice \n \n', '\n1/4 cup\n mayonnaise \n \n', '\n8 \n cooked bacon slices, crumbled \n \n', '\n2 \n green onions, finely chopped \n \n', '\n \n Salt and pepper to taste \n \n']","['1. Cut a small slice from the top of each tomato; scoop out pulp with a small spoon or melon baller, and discard pulp. Place tomatoes, cut sides down, on paper towels, and let drain 15 minutes.', '2. Meanwhile, combine avocado and lemon juice in a small bowl, stirring gently; drain. Stir together mayonnaise, bacon, and green onions; add avocado mixture, and stir gently until combined.', '3. Spoon avocado mixture evenly into tomato shells. Cover with plastic wrap, and chill 1 hour. Sprinkle with salt and pepper to taste just before serving.']"
Dressed-up Salsa,"['\n1 \n (24-oz.) jar chunky medium salsa \n \n', '\n2 1/2 tablespoons\n fresh lime juice \n \n', '\n3 tablespoons\n chopped fresh cilantro \n \n', '\n2 \n garlic cloves, minced \n \n', '\n1 \n jalapeño pepper, seeded and chopped \n \n']","['1. Pulse all ingredients in a food processor or blender 3 to 4 times or until mixture is thoroughly combined.', 'Note: For testing purposes only, we used Pace Chunky Medium Salsa.']"
